count,game
253159,Cyberpunk 2077
151587,Fortnite
133747,World of Warcraft
118114,League of Legends
103150,Minecraft
92474,Special Events
91217,Counter-Strike: Global Offensive
86434,Grand Theft Auto V
84885,Call of Duty: Warzone
74862,Among Us
66021,Splatoon 2
63924,Drawful 2
62742,Dota 2
61585,Clubhouse Games: 51 Worldwide Classics
56728,FIFA 21
53412,Who Wants To Be A Millionaire
53025,VALORANT
52277,Outlast
47653,Kirby Super Star
46799,Roboquest
44893,Apex Legends
41410,Agrou
35931,Home Design 3D
34526,Rocket League
34479,skribbl.io
32903,Hearthstone
32314,Escape From Tarkov
31989,POPULATION: ONE
31596,THE GAME OF LIFE 2
30408,Crash Bandicoot
30013,Mario Kart 8
29827,GTFO
29153,The Forest
28217,Dealer's Life
26804,Spellbreak
26392,Slapshot Rebound
25283,Uno
25241,Warzone
25111,Call of Duty: Black Ops Cold War
24998,Tower Unite
24746,Dead by Daylight
24365,Astro's Playroom
24011,GRAVEN
23082,Bleed 2
21388,Gartic Phone
21372,Tabletop RPGs
21242,Sid Meier's Civilization V
21139,Slots
20389,Marvel's Avengers
20175,Golf With Your Friends
19527,Brawlhalla
19403,What Remains of Edith Finch
18396,Neutopia II
18207,Battlefield 1
18092,Overwatch
17471,Garena Free Fire
16816,Five Dates
16426,A Way Out
16414,Test Of Courage
16312,Scribble It!
16286,Five Nights at Freddy's 4
16283,Can't Drive This
16283,Core
16093,It's Quiz Time
15875,Metroid: Zero Mission
15363,Cuphead
15285,Chess
15174,Mr. Krabs Overdoses On Ketamine
14889,Sports
14715,PLAYERUNKNOWN'S BATTLEGROUNDS
14555,High Hell
14513,Gnarled Hag
14238,Black & White
13875,"Papers, Please"
13846,Friday the 13th: The Game
13845,DayZ
13818,Call Of Duty: Modern Warfare
13640,Teamfight Tactics
13610,Tom Clancy's Rainbow Six Siege
13423,Sid Meier's Civilization
13247,Halo 3
13244,Monopoly Plus
13226,Pure Pool
13101,The Walking Dead: Season One
12720,Genshin Impact
12696,Art
12662,Morbid: The Seven Acolytes
12543,Bloons TD 6
12034,Raft
11826,World of Tanks
11772,Super Locomotive
11625,Kao the Kangaroo Round 2
11577,Dr. Mario Online Rx
11542,Tinkertown
11513,Marvel's Spider-Man: Miles Morales
11470,Startup Panic
11342,Deep Rock Galactic
11325,Kingdom Two Crowns
11110,My Boyfriend
11063,Pinturillo 2
11051,Yogho Yogho spel
11027,Peggle 2
10896,The Oregon Trail
10697,Dragon Quest XI: Echoes of an Elusive Age
10667,Volgarr the Viking
10621,Gran Saga
10605,Fall Guys: Ultimate Knockout
10561,Talk Shows & Podcasts
10550,Metroid Fusion
10538,Warhammer
10202,Paranormal HK
10196,Sid Meier's Civilization VI
10194,Destiny 2
10190,INSIDE
10177,Mega Man X7
9941,Codenames
9813,Call of the Sea
9676,Escape Room
9658,Golf It!
9647,Yakuza 5
9566,Tetris: The Grand Master
9421,V4
9219,Sleeping Dogs
9162,Clue/Cluedo: The Classic Mystery Game
9137,Eternal Return: Black Survival
9132,The Black Masses
9112,Zelda: The Wand of Gamelon
9057,Dungeons & Dragons
9027,Phasmophobia
8924,Heavy Rain
8911,TRI: Of Friendship and Madness
8827,GetAmped
8792,NBA 2K21
8758,Viscera Cleanup Detail: Santa's Rampage
8722,The Henry Stickmin Collection
8712,Portal 2
8645,Elite: Dangerous
8610,Super Smash Bros. Melee
8566,For The King
8480,Ghostrunner
8432,Tooth and Tail
8403,Fingered
8398,Hand Simulator
8374,London 2012: The Official Video Game
8272,Limbo
8245,WGT Golf
8176,Grounded
8105,Power Rangers: Battle for the Grid
8091,Puyo Puyo Tetris 2
7997,Kerbal Space Program
7953,Detroit: Become Human
7934,Grand Theft Auto: Vice City
7860,Dealer's Life 2
7849,ASMR
7824,Pummel Party
7752,Rust
7737,Watch Parties
7710,Secret Neighbor
7687,FINAL FANTASY XIV Online
7654,The Wolf Among Us
7625,Fitness & Health
7612,StarCraft
7462,Far Cry 3: Blood Dragon
7414,Power Drill Massacre
7377,Far Cry 3
7371,Video Blogger Story
7218,Blazing Sails
7139,Dark Prospect
7128,Drakensang Online
7094,Poker
7062,Friday the 13th
7056,Unto The End
7021,Randal's Monday
7005,GeoGuessr
6993,MudRunner
6989,Hunt: Showdown
6936,Sea of Thieves
6929,Warframe
6910,Yakuza: Like a Dragon
6901,Kawaii Hamster
6873,Monkey Island 2: LeChuck's Revenge
6854,Project Winter
6833,Persona 5
6810,They Are Billions
6778,Travel & Outdoors
6750,The Hex
6673,League of Legends: Wild Rift
6669,We Were Here
6637,Thunder Tier One
6495,Immortals Fenyx Rising
6442,Gartic
6376,DOOM Eternal
6368,Slasher's Keep
6320,Risk
6258,Firefighting Simulator
6251,Her Story
6243,Path of Exile
6238,Tricky Towers
6232,The Convenience Store
6155,Surgeon Simulator 2
6150,Accident
6140,Games + Demos
6073,Human: Fall Flat
6068,Final Fantasy VI
6007,Super Mario Galaxy
5992,Orcs Must Die! 2
5935,Retro
5857,Who Wants to Be a Millionaire?
5856,Driftland: The Magic Revival
5846,Super Mario 64
5828,Agar.io
5820,Spelunky 2
5780,The Walking Dead: Season Two
5776,Farming Simulator 19
5773,In Silence
5755,Romance of the Three Kingdoms XIV
5717,War Thunder
5708,Boxing
5702,Doki Doki Literature Club!
5669,Overcooked! 2
5627,The Witcher 3: Wild Hunt
5610,Pokémon HeartGold/SoulSilver
5513,Tabletop Simulator
5507,Giraffe and Annika
5498,We Were Here Together
5419,Forge and Fight
5409,Crusader Kings III
5408,Jackbox Party Packs
5380,Super Mario Galaxy 2
5370,Dread Hunger
5351,Legends of Runeterra
5342,Sakuna: Of Rice and Ruin
5327,VRChat
5319,13 Sentinels: Aegis Rim
5313,Leisure Suit Larry: Wet Dreams Dry Twice
5306,Trespasser
5305,EAT GIRL
5282,Pokémon Colosseum
5280,Family Feud
5229,MapleStory
5221,Madden NFL 21
5198,Fights in Tight Spaces
5146,SMITE
5139,Metal Gear Solid
5125,Shakes on a Plane
5121,Tibia
5115,HUMANKIND
5106,Magic: The Gathering
5087,Leaf Blower Revolution: Idle Game
5080,The Walking Dead: A New Frontier
5064,StarCraft II
5057,Dark Souls
5038,Pokémon: Diamond/Pearl
5001,The House of da Vinci
4991,Tracks: The Train Set Game
4973,Winnie the Pooh's Home Run Derby!
4972,Old School RuneScape
4959,Devotion
4943,Cartel Tycoon
4924,Metro Exodus
4867,60 Seconds!
4854,Duck Game
4834,New Super Lucky's Tale
4821,Assassin's Creed Valhalla
4805,Hoser Hockey
4767,Scribblenauts Unmasked: A DC Comics Adventure
4765,Call of Duty: Black Ops 4
4739,Quiz Show
4727,Stallion Squad
4714,Beyond: Two Souls
4702,Dungeon Fighter Online
4693,The Elder Scrolls V: Skyrim
4654,Demon's Souls
4619,Edge Of Eternity
4614,Cake Bash
4599,Hades
4580,Mortal Kombat 11
4572,Aim Lab
4569,Medal of Honor
4564,Skylanders: Ring of heroes
4558,Palindrome Syndrome: Escape Room
4522,Food & Drink
4510,Age of Empires II
4498,Betrayal.io
4498,Little Nightmares II
4495,Twitch Sings
4483,Beat Saber
4476,Hyrule Warriors: Age Of Calamity
4463,Risen
4461,Prominence Poker
4461,Fire Emblem: Three Houses
4425,Star Wars Jedi: Fallen Order
4379,EA Sports UFC 3
4378,Visage
4373,Twin Mirror
4370,F1 2020
4368,Darkest Dungeon
4348,Black Desert Mobile
4314,Battlefield 4
4313,Heave Ho
4304,Shady Part of Me
4300,Final Fantasy X
4297,Shadowverse: Champion's Battle
4284,Pokémon Sword/Shield
4276,Counter-Strike
4274,Black Desert Online
4274,PGA TOUR 2K21
4273,Beauty & Body Art
4268,Gears 5
4258,Night Shift
4250,Need for Speed: Underground 2
4247,Auto Chess
4222,Virtual Casino
4214,Nova Drift
4213,Getting Over It with Bennett Foddy
4200,Gang Beasts
4196,Bully
4183,Neopets: The Wheel of Monotony
4153,Observation
4135,Ring Fit Adventure
4132,CLOP
4107,Krunker
4096,Radical Relocation
4092,Vlogger Go Viral - Tuber Game
4092,Happy’s Humble Burger Barn
4071,JoJo's Bizarre Adventure: Eyes of Heaven
4062,The Tower of Druaga
4053,Super Mario World
4038,Ultimate Chicken Horse
4030,Lily's Garden
4026,World of Warships
4014,Amnesia: Rebirth
4013,Feed Me Billy
4007,The King of Fighters '98
3965,Football Manager 2021
3911,Halo: The Master Chief Collection
3900,Super Smash Bros. Ultimate
3898,Quake Champions
3888,Warcraft III
3877,Call of Duty: Black Ops III
3874,The Dark Pictures Anthology: Little Hope
3827,Persona 4
3813,Yu-Gi-Oh! Duel Links
3811,The Witcher 2: Assassins of Kings
3799,Heroes of Might and Magic III: The Restoration of Erathia
3772,Rise Online
3723,Broken Sword: The Shadow of the Templars
3710,Eville
3701,Transistor
3693,The Elder Scrolls Online
3671,Terraria
3630,Don't Starve Together
3626,Life is Strange
3554,Dark Souls III
3552,Slay the Spire
3548,Super Mario Maker 2
3548,PUBG Mobile
3542,Five Nights at Freddy's
3537,Trials Rising
3519,Untitled Goose Game
3515,Team Fortress 2
3509,Drawn to Life: Two Realms
3501,GTA Online
3490,Episode - Choose Your Story
3479,Call of Duty: WWII
3476,WRC 9
3450,Bug Academy
3442,BlazBlue: Central Fiction
3429,Ragnarok Online
3425,The Sims 4
3419,Finnish Roller
3415,Hearts of Iron IV
3406,Biped
3393,NCAA Football 14
3388,Slither.io
3386,At Dead Of Night
3376,ScourgeBringer
3369,Science & Technology
3368,Nine Witches: Family Disruption
3368,TypeRacer
3365,Quiz Kit
3341,SpyParty
3324,Vikings: War of Clans
3319,Fallout: New Vegas
3316,RimWorld
3294,Katamari Forever
3291,Second Extinction
3286,Dragon Ball FighterZ
3269,Pokémon Trading Card Game
3254,Teardown
3234,Rise of Industry
3232,We Were Here Too
3230,Morkredd
3223,Related
3210,ELYON
3204,Rising Storm 2: Vietnam
3202,Jump King
3199,Castle Crashers
3197,7 Days to Die
3195,Divinity: Original Sin II
3185,Lonely Mountains: Downhill
3184,Planet Zoo
3184,FlatOut 2
3183,Korean Baseball League
3181,RAID
3177,Jump Ultimate Stars
3172,Kartrider
3167,The Legend of Zelda: A Link to the Past
3164,Alchemy
3159,Mr. Bones
3157,Mount & Blade II: Bannerlord
3156,Animal Crossing: New Horizons
3149,Tv star
3130,Squad
3120,Conqueror's Blade
3120,Tree of Savior
3113,Medal of Honor: Above and Beyond
3111,Captain Tsubasa: Rise of New Champions
3106,Conan Exiles
3088,Euro Truck Simulator 2
3072,Prince of Persia
3056,Board Games
3049,Dread X Collection 2
3048,Saint Seiya : Awakening
3044,Wreckfest
3044,Dying Light
3035,A Dark Room
3030,Knight Online
3018,Blankos Block Party
3018,Big Brother Brasil
3015,The King of Fighters for Girls
2997,Dragon Quest VIII: Journey of the Cursed King
2995,theHunter: Call of the Wild
2985,Celeste
2977,Ao Oni
2974,Spiritfarer
2971,Street Fighter V
2968,Sekiro: Shadows Die Twice
2964,Metal Revolution
2963,Star Citizen
2958,Someday You'll Return
2951,The World is Your Weapon
2950,Prison Architect
2933,Final Fantasy VII
2930,eFootball PES 2021 Season Update
2915,Brawl Stars
2904,Bloodborne
2899,A Plague Tale: Innocence
2895,Slam Dunk
2886,Monster Train
2874,Wolfenstein: The Old Blood
2842,Halo 3: ODST
2836,Under Night In-Birth Exe:Late
2835,The Legend of Zelda: Ocarina of Time
2822,SnowRunner
2813,Carrion
2805,Clash Royale
2781,Final Fantasy XII
2779,Summoners War: Sky Arena
2778,Hollow Knight
2778,BIG-FOOT - SURVIVAL HUNTER
2775,TrackMania
2775,Donkey Kong Country: Tropical Freeze
2770,Sonic the Hedgehog 3
2767,The Binding of Isaac: Afterbirth
2764,Uncharted 4: A Thief's End
2759,Granblue Fantasy
2751,Blackjack
2749,The Witch's House
2742,Sumerians
2742,Streamer Life Simulator
2736,Stardew Valley
2732,Creeper World 4
2724,DRAGON BALL Z DOKKAN BATTLE
2689,If Found...
2678,Left 4 Dead 2
2676,Super Mario Odyssey
2671,Autobahn Police Simulator 2
2666,Makers & Crafting
2665,Total War: Warhammer II
2662,Comedy Night
2657,Unreal Tournament 2004
2650,Halo 5: Guardians
2648,The Sokpop Collection
2641,The Last of Us Part II
2634,Tekken 7
2629,Epic Seven
2612,PC Building Simulator
2611,Naruto Shippuden: Ultimate Ninja Storm 4
2600,Hammerting
2580,Fran Bow
2579,Marbles On Stream
2569,Pokémon GO
2569,iRacing
2564,Haxball
2551,Gold Rush: The Game
2549,Raid: Shadow Legends
2542,Dark Souls II
2532,Chronos : Before the Ashes
2529,RuneScape
2529,Lords Mobile
2524,Forts
2522,Forza Horizon 4
2516,Calico
2516,Stronghold
2502,Brain Meltdown - Into Despair
2497,Heroes of the Storm
2495,Artifact
2486,Slime Rancher
2482,Noita
2481,Just Cause 3
2470,Dofus
2467,Bugsnax
2448,ARK: Survival Evolved
2441,ROBLOX
2424,City Car Driving
2412,FIFA 20
2408,Red Dead Redemption 2
2407,BONEWORKS
2397,Monster Hunter: World
2397,Waven
2388,The Room
2383,Sunless Sea
2374,Resident Evil 2
2363,Just Dance 2021
2361,Red Dead Online
2358,Diablo II
2355,Car Dealer
2354,Super Mario Sunshine
2353,Basketball
2351,Digimon World
2350,Yakuza
2344,SuchArt: Genius Artist Simulator
2332,This War of Mine
2330,Digimon Masters Online
2330,Automobilista 2
2326,Mystery Fun House
2322,Habbo
2321,osu!
2314,There Is No Game : Wrong Dimension
2306,Judgment
2305,For Honor
2303,Barbie Horse Adventures: Wild Horse Rescue
2299,Among the Sleep
2297,Europa Universalis IV
2296,The Legend of Zelda: Breath of the Wild
2294,The Outer Worlds
2294,Holdfast: Nations At War
2293,I Am Dead
2291,Gwent: The Witcher Card Game
2291,Little Nightmares
2291,Five Nights at Freddy's 2
2276,The King of Fighters XIII
2273,Call of Duty: Modern Warfare 2
2269,Call of Duty: Modern Warfare Remastered
2268,Call of Duty: Mobile
2267,Hamlet
2265,Tony Hawk's Pro Skater 1+2
2259,Microsoft Flight Simulator
2258,Paladins
2257,My Summer Car
2244,American Truck Simulator
2241,Yakuza 0
2232,Clash of Clans
2225,Worms W.M.D
2213,Octopath Traveler
2187,Partisans 1941
2178,King of Fighters 98: Ultimate Match
2160,Lineage 2
2152,Diablo III
2151,Ghosts'n Goblins Arcade
2144,Rogue Company
2136,Job Simulator: The 2050 Archives
2132,Scrap Mechanic
2097,Pox Nora
2097,Deus Ex: Human Revolution
2094,Stream Raiders
2091,Kenshi
2081,Phoenix Point
2079,Garry's Mod
2079,Starbound
2078,Superliminal
2075,Anime Land
2071,Shovel Knight
2069,112 Operator
2062,Shiren the Wanderer: The Tower of Fortune and the Dice of Fate
2060,Blasphemous
2056,Dark Deception
2044,Pumpkin Days
2043,Grand Theft Auto: San Andreas
2021,Tomba!
2019,Staxel
2017,Silent Hill: Shattered Memories
2015,Keep Talking and Nobody Explodes
2011,Perfect Dark
2010,Nioh 2
2009,Oxygen Not Included
2009,Bioshock Infinite
2005,No Man's Sky
2005,Watch Dogs: Legion
2000,Borderlands 2
1999,Mega Man V
1998,Monster Sanctuary
1990,Thimbleweed Park
1990,Illusion Connect
1970,Tropico 5
1966,Pavlov VR
1964,Battlefield V
1955,Identity V
1944,Ghost of Tsushima
1939,Ninja Gaiden
1929,Knuckles' Chaotix
1891,BanG Dream! Girls Band Party!
1887,Forza Motorsport 7
1882,The Thing
1879,Business Tour
1879,Late Shift
1873,Pokémon Red/Blue
1866,Metin2
1866,A Hand With Many Fingers
1863,The House of Da Vinci 2
1861,Finding Paradise
1858,Kritika: REBOOT
1845,Control
1845,King of Crabs
1840,Chibi-Robo!
1826,Stranded Deep
1817,Titanfall 2
1817,Mobile Legends: Bang Bang
1813,Pacify
1812,CRSED: F.O.A.D.
1807,Politics
1807,Sketchful.io
1780,LOST ARK
1724,KartRider Rush+
1712,Project Wingman
1712,The Stanley Parable
1691,House Flipper
1688,MLB The Show 20
1688,Killer7
1685,Game Room
1676,Unrailed!
1674,Mario Party
1673,Octodad: Dadliest Catch
1666,Fury of Dracula: Digital Edition
1662,Uncharted: The Lost Legacy
1649,Need for Speed: Underground
1638,Battlerite Royale
1609,NHL 21
1609,DeathComing
1603,Aliens: Infestation
1601,ShellShock Live
1583,Minecraft Dungeons
1573,When The Past Was Around
1567,Ehrgeiz
1566,Dead Rising 2
1563,Enter the Gungeon
1543,No Umbrellas Allowed
1532,Pokémon Stadium 2
1529,Warface
1529,Arma 3
1520,Totally Accurate Battlegrounds
1520,Kantai Collection
1505,Derby Stallion
1504,Sonic Generations
1500,Resident Evil
1497,Ponpu
1493,Marvel Strike Force
1476,Award Winners
1475,Lightning Returns: Final Fantasy XIII
1460,Shiren the Wanderer 5 Plus
1458,Need for Speed: ProStreet
1455,Kingdom of the Winds: Yeon
1453,Aero Fighters
1450,Mighty Morphin Power Rangers: The Movie
1444,Super Animal Royale
1417,Unravel Two
1408,FIFA Online 4
1407,Metal Gear Solid 3: Snake Eater
1404,Super Metroid
1388,A Dance of Fire and Ice
1384,The Legend of Zelda: Link's Awakening
1380,Pokémon FireRed/LeafGreen
1361,Silent Hill 4: The Room
1355,Fallout 76
1353,Arknights
1349,Pocky & Rocky
1330,XCOM: Enemy Unknown
1319,Kukoro: Stream Chat Games
1317,Mario Pinball Land
1308,Dark Cloud
1305,DJMAX Respect
1297,WHAT THE GOLF?
1285,SpellForce 3
1283,NBA 2K20
1271,Adventure Island III
1241,Sonic & All-Stars Racing Transformed
1232,Silent Hill 2
1229,Conan
1229,Granblue Fantasy: Versus
1206,Fate/Grand Order
1195,Always On
1177,Mass Effect: Andromeda
1165,Pogostuck: Rage With Your Friends
1151,Namco Museum
1145,WWE Day of Reckoning
1145,Spongebob Squarepants: Battle For Bikini Bottom
1144,HITMAN 2
1126,Crackdown 3
1126,Home Sweet Home
1125,The Simpsons: Road Rage
1123,Jet Grind Radio
1117,WWF No Mercy
1094,Do Not Feed the Monkeys
1093,The Long Dark
1087,Stronghold 2
1060,Galidor: Defenders of the Outer Dimension
1056,Need for Speed: The Run
1042,Risk of Rain 2
1011,Super Seducer 2
1000,Forgotten Ways
999,WWF WrestleMania: The Arcade Game
990,Medieval Dynasty
968,Mafia.gg
952,The Simpsons Skateboarding
941,Lineage: The Blood Pledge
898,Resident Evil 7: Biohazard
891,The Nightmare of Druaga: Fushigino Dungeon
882,Guardian Tales
802,Forgetful Dictator
